filename,object_location,image_small,image_thumb
0075_savethe ledgescoalition_0002-001-001.pdf,/objects/0075_savethe ledgescoalition_0002-001-001.pdf,/objects/small/0075_savethe ledgescoalition_0002-001-001_sm.jpg,/objects/thumbs/0075_savethe ledgescoalition_0002-001-001_th.jpg
0075_savetheledgescoalition_0002-005-001-03.jpg,/objects/0075_savetheledgescoalition_0002-005-001-03.jpg,/objects/small/0075_savetheledgescoalition_0002-005-001-03_sm.jpg,/objects/thumbs/0075_savetheledgescoalition_0002-005-001-03_th.jpg
0075_savetheledgescoalition_0002-005-001-04.jpg,/objects/0075_savetheledgescoalition_0002-005-001-04.jpg,/objects/small/0075_savetheledgescoalition_0002-005-001-04_sm.jpg,/objects/thumbs/0075_savetheledgescoalition_0002-005-001-04_th.jpg
0075_savetheledgescoalition_0002-005-001.pdf,/objects/0075_savetheledgescoalition_0002-005-001.pdf,/objects/small/0075_savetheledgescoalition_0002-005-001_sm.jpg,/objects/thumbs/0075_savetheledgescoalition_0002-005-001_th.jpg
0097_csl_0001_005_001.pdf,/objects/0097_csl_0001_005_001.pdf,/objects/small/0097_csl_0001_005_001_sm.jpg,/objects/thumbs/0097_csl_0001_005_001_th.jpg
02-07-a_pearson_0053-003-004.jpg,/objects/02-07-a_pearson_0053-003-004.jpg,/objects/small/02-07-a_pearson_0053-003-004_sm.jpg,/objects/thumbs/02-07-a_pearson_0053-003-004_th.jpg
04-08-l_offcampus_0377-013-001a.jpg,/objects/04-08-l_offcampus_0377-013-001a.jpg,/objects/small/04-08-l_offcampus_0377-013-001a_sm.jpg,/objects/thumbs/04-08-l_offcampus_0377-013-001a_th.jpg
04-08-l_offcampus_0377-013-001b.jpg,/objects/04-08-l_offcampus_0377-013-001b.jpg,/objects/small/04-08-l_offcampus_0377-013-001b_sm.jpg,/objects/thumbs/04-08-l_offcampus_0377-013-001b_th.jpg
04-08-l_offcampus_0377-013-002a.jpg,/objects/04-08-l_offcampus_0377-013-002a.jpg,/objects/small/04-08-l_offcampus_0377-013-002a_sm.jpg,/objects/thumbs/04-08-l_offcampus_0377-013-002a_th.jpg
04-08-l_offcampus_0377-013-002b.jpg,/objects/04-08-l_offcampus_0377-013-002b.jpg,/objects/small/04-08-l_offcampus_0377-013-002b_sm.jpg,/objects/thumbs/04-08-l_offcampus_0377-013-002b_th.jpg
04-08-l_offcampus_0377-013-002c.jpg,/objects/04-08-l_offcampus_0377-013-002c.jpg,/objects/small/04-08-l_offcampus_0377-013-002c_sm.jpg,/objects/thumbs/04-08-l_offcampus_0377-013-002c_th.jpg
04-08-l_offcampus_0377-013-002d.jpg,/objects/04-08-l_offcampus_0377-013-002d.jpg,/objects/small/04-08-l_offcampus_0377-013-002d_sm.jpg,/objects/thumbs/04-08-l_offcampus_0377-013-002d_th.jpg
04-08-l_offcampus_0377-013-003a.jpg,/objects/04-08-l_offcampus_0377-013-003a.jpg,/objects/small/04-08-l_offcampus_0377-013-003a_sm.jpg,/objects/thumbs/04-08-l_offcampus_0377-013-003a_th.jpg
04-08-l_offcampus_0377-013-003b.jpg,/objects/04-08-l_offcampus_0377-013-003b.jpg,/objects/small/04-08-l_offcampus_0377-013-003b_sm.jpg,/objects/thumbs/04-08-l_offcampus_0377-013-003b_th.jpg
04-08-l_offcampus_0377-013-003c.jpg,/objects/04-08-l_offcampus_0377-013-003c.jpg,/objects/small/04-08-l_offcampus_0377-013-003c_sm.jpg,/objects/thumbs/04-08-l_offcampus_0377-013-003c_th.jpg
04-08-l_offcampus_0377-013-003d.jpg,/objects/04-08-l_offcampus_0377-013-003d.jpg,/objects/small/04-08-l_offcampus_0377-013-003d_sm.jpg,/objects/thumbs/04-08-l_offcampus_0377-013-003d_th.jpg
04-08-l_offcampus_0377-013-004a.jpg,/objects/04-08-l_offcampus_0377-013-004a.jpg,/objects/small/04-08-l_offcampus_0377-013-004a_sm.jpg,/objects/thumbs/04-08-l_offcampus_0377-013-004a_th.jpg
04-08-l_offcampus_0377-013-004b.jpg,/objects/04-08-l_offcampus_0377-013-004b.jpg,/objects/small/04-08-l_offcampus_0377-013-004b_sm.jpg,/objects/thumbs/04-08-l_offcampus_0377-013-004b_th.jpg
09-14-a_macdonald_0720-005-001a.jpg,/objects/09-14-a_macdonald_0720-005-001a.jpg,/objects/small/09-14-a_macdonald_0720-005-001a_sm.jpg,/objects/thumbs/09-14-a_macdonald_0720-005-001a_th.jpg
09-14-a_macdonald_0720-005-001b.jpg,/objects/09-14-a_macdonald_0720-005-001b.jpg,/objects/small/09-14-a_macdonald_0720-005-001b_sm.jpg,/objects/thumbs/09-14-a_macdonald_0720-005-001b_th.jpg
13-05-13_pammel_0037_001_001.pdf,/objects/13-05-13_pammel_0037_001_001.pdf,/objects/small/13-05-13_pammel_0037_001_001_sm.jpg,/objects/thumbs/13-05-13_pammel_0037_001_001_th.jpg
13-05-13_pammel_0038-003-001.pdf,/objects/13-05-13_pammel_0038-003-001.pdf,/objects/small/13-05-13_pammel_0038-003-001_sm.jpg,/objects/thumbs/13-05-13_pammel_0038-003-001_th.jpg
13-05-13_pammel_0038-003-002-01.pdf,/objects/13-05-13_pammel_0038-003-002-01.pdf,/objects/small/13-05-13_pammel_0038-003-002-01_sm.jpg,/objects/thumbs/13-05-13_pammel_0038-003-002-01_th.jpg
13-05-13_pammel_0038-003-004.pdf,/objects/13-05-13_pammel_0038-003-004.pdf,/objects/small/13-05-13_pammel_0038-003-004_sm.jpg,/objects/thumbs/13-05-13_pammel_0038-003-004_th.jpg
13-05-13_pammel_0044-002-028.pdf,/objects/13-05-13_pammel_0044-002-028.pdf,/objects/small/13-05-13_pammel_0044-002-028_sm.jpg,/objects/thumbs/13-05-13_pammel_0044-002-028_th.jpg
13-05-13_pammel_0044-003_c-001.pdf,/objects/13-05-13_pammel_0044-003_c-001.pdf,/objects/small/13-05-13_pammel_0044-003_c-001_sm.jpg,/objects/thumbs/13-05-13_pammel_0044-003_c-001_th.jpg
13-05-13_pammel_0045-001_b-020.pdf,/objects/13-05-13_pammel_0045-001_b-020.pdf,/objects/small/13-05-13_pammel_0045-001_b-020_sm.jpg,/objects/thumbs/13-05-13_pammel_0045-001_b-020_th.jpg
13-05-13_pammel_0045-001_b-036.jpg,/objects/13-05-13_pammel_0045-001_b-036.jpg,/objects/small/13-05-13_pammel_0045-001_b-036_sm.jpg,/objects/thumbs/13-05-13_pammel_0045-001_b-036_th.jpg
13-05-13_pammel_0049-002-007.pdf,/objects/13-05-13_pammel_0049-002-007.pdf,/objects/small/13-05-13_pammel_0049-002-007_sm.jpg,/objects/thumbs/13-05-13_pammel_0049-002-007_th.jpg
13-05-13_pammel_0049-002-008.pdf,/objects/13-05-13_pammel_0049-002-008.pdf,/objects/small/13-05-13_pammel_0049-002-008_sm.jpg,/objects/thumbs/13-05-13_pammel_0049-002-008_th.jpg
13-05-13_pammel_0049-002-020-03.jpg,/objects/13-05-13_pammel_0049-002-020-03.jpg,/objects/small/13-05-13_pammel_0049-002-020-03_sm.jpg,/objects/thumbs/13-05-13_pammel_0049-002-020-03_th.jpg
13-05-13_pammel_0049-002-020.pdf,/objects/13-05-13_pammel_0049-002-020.pdf,/objects/small/13-05-13_pammel_0049-002-020_sm.jpg,/objects/thumbs/13-05-13_pammel_0049-002-020_th.jpg
13-05-13_pammel_0050-001a_001.pdf,/objects/13-05-13_pammel_0050-001a_001.pdf,/objects/small/13-05-13_pammel_0050-001a_001_sm.jpg,/objects/thumbs/13-05-13_pammel_0050-001a_001_th.jpg
13-05-13_pammel_0050-001a_002.pdf,/objects/13-05-13_pammel_0050-001a_002.pdf,/objects/small/13-05-13_pammel_0050-001a_002_sm.jpg,/objects/thumbs/13-05-13_pammel_0050-001a_002_th.jpg
13-05-13_pammel_0060-004_e001.jpg,/objects/13-05-13_pammel_0060-004_e001.jpg,/objects/small/13-05-13_pammel_0060-004_e001_sm.jpg,/objects/thumbs/13-05-13_pammel_0060-004_e001_th.jpg
13-05-13_pammel_0068-002-001.pdf,/objects/13-05-13_pammel_0068-002-001.pdf,/objects/small/13-05-13_pammel_0068-002-001_sm.jpg,/objects/thumbs/13-05-13_pammel_0068-002-001_th.jpg
13-05-13_pammel_0414-001-017.pdf,/objects/13-05-13_pammel_0414-001-017.pdf,/objects/small/13-05-13_pammel_0414-001-017_sm.jpg,/objects/thumbs/13-05-13_pammel_0414-001-017_th.jpg
13-05-13_pammel_tube-073-001.jpg,/objects/13-05-13_pammel_tube-073-001.jpg,/objects/small/13-05-13_pammel_tube-073-001_sm.jpg,/objects/thumbs/13-05-13_pammel_tube-073-001_th.jpg
13-05-55_hayden_0001-007-001.jpg,/objects/13-05-55_hayden_0001-007-001.jpg,/objects/small/13-05-55_hayden_0001-007-001_sm.jpg,/objects/thumbs/13-05-55_hayden_0001-007-001_th.jpg
13-05-55_hayden_0004-002-001.jpg,/objects/13-05-55_hayden_0004-002-001.jpg,/objects/small/13-05-55_hayden_0004-002-001_sm.jpg,/objects/thumbs/13-05-55_hayden_0004-002-001_th.jpg
13-05-a_haydenking_1035-001-001.jpg,/objects/13-05-a_haydenking_1035-001-001.jpg,/objects/small/13-05-a_haydenking_1035-001-001_sm.jpg,/objects/thumbs/13-05-a_haydenking_1035-001-001_th.jpg
13-05-a_pammel_1026-002-001a.jpg,/objects/13-05-a_pammel_1026-002-001a.jpg,/objects/small/13-05-a_pammel_1026-002-001a_sm.jpg,/objects/thumbs/13-05-a_pammel_1026-002-001a_th.jpg
13-05-a_pammel_1026-002-001b.jpg,/objects/13-05-a_pammel_1026-002-001b.jpg,/objects/small/13-05-a_pammel_1026-002-001b_sm.jpg,/objects/thumbs/13-05-a_pammel_1026-002-001b_th.jpg
13-05-a_pammel_1026-002-002a.jpg,/objects/13-05-a_pammel_1026-002-002a.jpg,/objects/small/13-05-a_pammel_1026-002-002a_sm.jpg,/objects/thumbs/13-05-a_pammel_1026-002-002a_th.jpg
13-05-a_pammel_1026-002-002b.jpg,/objects/13-05-a_pammel_1026-002-002b.jpg,/objects/small/13-05-a_pammel_1026-002-002b_sm.jpg,/objects/thumbs/13-05-a_pammel_1026-002-002b_th.jpg
13-05-a_pammel_1026-004-001.jpg,/objects/13-05-a_pammel_1026-004-001.jpg,/objects/small/13-05-a_pammel_1026-004-001_sm.jpg,/objects/thumbs/13-05-a_pammel_1026-004-001_th.jpg
13-05-f_botany_1038-004-001a.jpg,/objects/13-05-f_botany_1038-004-001a.jpg,/objects/small/13-05-f_botany_1038-004-001a_sm.jpg,/objects/thumbs/13-05-f_botany_1038-004-001a_th.jpg
13-05-f_botany_1038-004-001b.jpg,/objects/13-05-f_botany_1038-004-001b.jpg,/objects/small/13-05-f_botany_1038-004-001b_sm.jpg,/objects/thumbs/13-05-f_botany_1038-004-001b_th.jpg
13-05-f_botany_1038-005-001a.jpg,/objects/13-05-f_botany_1038-005-001a.jpg,/objects/small/13-05-f_botany_1038-005-001a_sm.jpg,/objects/thumbs/13-05-f_botany_1038-005-001a_th.jpg
13-05-f_botany_1038-005-001b.jpg,/objects/13-05-f_botany_1038-005-001b.jpg,/objects/small/13-05-f_botany_1038-005-001b_sm.jpg,/objects/thumbs/13-05-f_botany_1038-005-001b_th.jpg
13-05-f_botany_1039-005-001a.jpg,/objects/13-05-f_botany_1039-005-001a.jpg,/objects/small/13-05-f_botany_1039-005-001a_sm.jpg,/objects/thumbs/13-05-f_botany_1039-005-001a_th.jpg
13-05-f_botany_1039-005-001b.jpg,/objects/13-05-f_botany_1039-005-001b.jpg,/objects/small/13-05-f_botany_1039-005-001b_sm.jpg,/objects/thumbs/13-05-f_botany_1039-005-001b_th.jpg
13-08-f_geolatmos_1057-010-001a.jpg,/objects/13-08-f_geolatmos_1057-010-001a.jpg,/objects/small/13-08-f_geolatmos_1057-010-001a_sm.jpg,/objects/thumbs/13-08-f_geolatmos_1057-010-001a_th.jpg
13-08-f_geolatmos_1057-010-001b.jpg,/objects/13-08-f_geolatmos_1057-010-001b.jpg,/objects/small/13-08-f_geolatmos_1057-010-001b_sm.jpg,/objects/thumbs/13-08-f_geolatmos_1057-010-001b_th.jpg
210a.jpg,/objects/210a.jpg,/objects/small/210a_sm.jpg,/objects/thumbs/210a_th.jpg
210b.jpg,/objects/210b.jpg,/objects/small/210b_sm.jpg,/objects/thumbs/210b_th.jpg
26-05-06_extensionla_0003-005-043.pdf,/objects/26-05-06_extensionla_0003-005-043.pdf,/objects/small/26-05-06_extensionla_0003-005-043_sm.jpg,/objects/thumbs/26-05-06_extensionla_0003-005-043_th.jpg
26-05-06_extensionla_0005-003-001.jpg,/objects/26-05-06_extensionla_0005-003-001.jpg,/objects/small/26-05-06_extensionla_0005-003-001_sm.jpg,/objects/thumbs/26-05-06_extensionla_0005-003-001_th.jpg
26-05-06_extensionla_0005-025-001a.jpg,/objects/26-05-06_extensionla_0005-025-001a.jpg,/objects/small/26-05-06_extensionla_0005-025-001a_sm.jpg,/objects/thumbs/26-05-06_extensionla_0005-025-001a_th.jpg
26-05-06_extensionla_0005-025-001b.jpg,/objects/26-05-06_extensionla_0005-025-001b.jpg,/objects/small/26-05-06_extensionla_0005-025-001b_sm.jpg,/objects/thumbs/26-05-06_extensionla_0005-025-001b_th.jpg
26-05-06_extensionla_0005-025-002a.jpg,/objects/26-05-06_extensionla_0005-025-002a.jpg,/objects/small/26-05-06_extensionla_0005-025-002a_sm.jpg,/objects/thumbs/26-05-06_extensionla_0005-025-002a_th.jpg
26-05-06_extensionla_0005-025-002b.jpg,/objects/26-05-06_extensionla_0005-025-002b.jpg,/objects/small/26-05-06_extensionla_0005-025-002b_sm.jpg,/objects/thumbs/26-05-06_extensionla_0005-025-002b_th.jpg
26-05-06_extensionla_c405-d14-f001-001.jpg,/objects/26-05-06_extensionla_c405-d14-f001-001.jpg,/objects/small/26-05-06_extensionla_c405-d14-f001-001_sm.jpg,/objects/thumbs/26-05-06_extensionla_c405-d14-f001-001_th.jpg
26-05-06_extensionla_c405-d14-f001-002.jpg,/objects/26-05-06_extensionla_c405-d14-f001-002.jpg,/objects/small/26-05-06_extensionla_c405-d14-f001-002_sm.jpg,/objects/thumbs/26-05-06_extensionla_c405-d14-f001-002_th.jpg
26-05-06_extensionla_c405-d14-f001-003.jpg,/objects/26-05-06_extensionla_c405-d14-f001-003.jpg,/objects/small/26-05-06_extensionla_c405-d14-f001-003_sm.jpg,/objects/thumbs/26-05-06_extensionla_c405-d14-f001-003_th.jpg
26-05-06_extensionla_c405-d14-f002-002.jpg,/objects/26-05-06_extensionla_c405-d14-f002-002.jpg,/objects/small/26-05-06_extensionla_c405-d14-f002-002_sm.jpg,/objects/thumbs/26-05-06_extensionla_c405-d14-f002-002_th.jpg
26-05-06_extensionla_c405-d14-f002-003.jpg,/objects/26-05-06_extensionla_c405-d14-f002-003.jpg,/objects/small/26-05-06_extensionla_c405-d14-f002-003_sm.jpg,/objects/thumbs/26-05-06_extensionla_c405-d14-f002-003_th.jpg
26-05-06_extensionla_c405-d14-f002-004.jpg,/objects/26-05-06_extensionla_c405-d14-f002-004.jpg,/objects/small/26-05-06_extensionla_c405-d14-f002-004_sm.jpg,/objects/thumbs/26-05-06_extensionla_c405-d14-f002-004_th.jpg
26-05-06_extensionla_c405-d14-f002-005.jpg,/objects/26-05-06_extensionla_c405-d14-f002-005.jpg,/objects/small/26-05-06_extensionla_c405-d14-f002-005_sm.jpg,/objects/thumbs/26-05-06_extensionla_c405-d14-f002-005_th.jpg
26-05-06_extensionla_c405-d14-f003-001.jpg,/objects/26-05-06_extensionla_c405-d14-f003-001.jpg,/objects/small/26-05-06_extensionla_c405-d14-f003-001_sm.jpg,/objects/thumbs/26-05-06_extensionla_c405-d14-f003-001_th.jpg
26-05-06_extensionla_c405-d14-f003-002.jpg,/objects/26-05-06_extensionla_c405-d14-f003-002.jpg,/objects/small/26-05-06_extensionla_c405-d14-f003-002_sm.jpg,/objects/thumbs/26-05-06_extensionla_c405-d14-f003-002_th.jpg
26-05-06_extensionla_tube-073-002.jpg,/objects/26-05-06_extensionla_tube-073-002.jpg,/objects/small/26-05-06_extensionla_tube-073-002_sm.jpg,/objects/thumbs/26-05-06_extensionla_tube-073-002_th.jpg
26-05-06_extensionla_tube-073-003.jpg,/objects/26-05-06_extensionla_tube-073-003.jpg,/objects/small/26-05-06_extensionla_tube-073-003_sm.jpg,/objects/thumbs/26-05-06_extensionla_tube-073-003_th.jpg
26-05-06_extensionla_tube-073-004.jpg,/objects/26-05-06_extensionla_tube-073-004.jpg,/objects/small/26-05-06_extensionla_tube-073-004_sm.jpg,/objects/thumbs/26-05-06_extensionla_tube-073-004_th.jpg
26-05-06_landarchext_0003-004-001.jpg,/objects/26-05-06_landarchext_0003-004-001.jpg,/objects/small/26-05-06_landarchext_0003-004-001_sm.jpg,/objects/thumbs/26-05-06_landarchext_0003-004-001_th.jpg
26-05-06_landarchext_0003-005-001a.jpg,/objects/26-05-06_landarchext_0003-005-001a.jpg,/objects/small/26-05-06_landarchext_0003-005-001a_sm.jpg,/objects/thumbs/26-05-06_landarchext_0003-005-001a_th.jpg
26-05-06_landarchext_0003-005-001b.jpg,/objects/26-05-06_landarchext_0003-005-001b.jpg,/objects/small/26-05-06_landarchext_0003-005-001b_sm.jpg,/objects/thumbs/26-05-06_landarchext_0003-005-001b_th.jpg
26-05-06_landarchext_0003-005-002a.jpg,/objects/26-05-06_landarchext_0003-005-002a.jpg,/objects/small/26-05-06_landarchext_0003-005-002a_sm.jpg,/objects/thumbs/26-05-06_landarchext_0003-005-002a_th.jpg
26-05-06_landarchext_0003-005-002b.jpg,/objects/26-05-06_landarchext_0003-005-002b.jpg,/objects/small/26-05-06_landarchext_0003-005-002b_sm.jpg,/objects/thumbs/26-05-06_landarchext_0003-005-002b_th.jpg
26-05-06_landarchext_0003-005-003a.jpg,/objects/26-05-06_landarchext_0003-005-003a.jpg,/objects/small/26-05-06_landarchext_0003-005-003a_sm.jpg,/objects/thumbs/26-05-06_landarchext_0003-005-003a_th.jpg
26-05-06_landarchext_0003-005-003b.jpg,/objects/26-05-06_landarchext_0003-005-003b.jpg,/objects/small/26-05-06_landarchext_0003-005-003b_sm.jpg,/objects/thumbs/26-05-06_landarchext_0003-005-003b_th.jpg
26-05-06_landarchext_0003-005-004a.jpg,/objects/26-05-06_landarchext_0003-005-004a.jpg,/objects/small/26-05-06_landarchext_0003-005-004a_sm.jpg,/objects/thumbs/26-05-06_landarchext_0003-005-004a_th.jpg
26-05-06_landarchext_0003-005-004b.jpg,/objects/26-05-06_landarchext_0003-005-004b.jpg,/objects/small/26-05-06_landarchext_0003-005-004b_sm.jpg,/objects/thumbs/26-05-06_landarchext_0003-005-004b_th.jpg
26-05-06_landarchext_0003-005-005a.jpg,/objects/26-05-06_landarchext_0003-005-005a.jpg,/objects/small/26-05-06_landarchext_0003-005-005a_sm.jpg,/objects/thumbs/26-05-06_landarchext_0003-005-005a_th.jpg
26-05-06_landarchext_0003-005-005b.jpg,/objects/26-05-06_landarchext_0003-005-005b.jpg,/objects/small/26-05-06_landarchext_0003-005-005b_sm.jpg,/objects/thumbs/26-05-06_landarchext_0003-005-005b_th.jpg
26-05-12_fitzsimmons_mapcase-001-001.jpg,/objects/26-05-12_fitzsimmons_mapcase-001-001.jpg,/objects/small/26-05-12_fitzsimmons_mapcase-001-001_sm.jpg,/objects/thumbs/26-05-12_fitzsimmons_mapcase-001-001_th.jpg
26-05-a_fitzsimmons_2102-001-001a.jpg,/objects/26-05-a_fitzsimmons_2102-001-001a.jpg,/objects/small/26-05-a_fitzsimmons_2102-001-001a_sm.jpg,/objects/thumbs/26-05-a_fitzsimmons_2102-001-001a_th.jpg
26-05-a_fitzsimmons_2102-001-001b.jpg,/objects/26-05-a_fitzsimmons_2102-001-001b.jpg,/objects/small/26-05-a_fitzsimmons_2102-001-001b_sm.jpg,/objects/thumbs/26-05-a_fitzsimmons_2102-001-001b_th.jpg
9-01-a_curtiss_0524-002-005.jpg,/objects/9-01-a_curtiss_0524-002-005.jpg,/objects/small/9-01-a_curtiss_0524-002-005_sm.jpg,/objects/thumbs/9-01-a_curtiss_0524-002-005_th.jpg
demo_001.jpg,/objects/demo_001.jpg,/objects/small/demo_001_sm.jpg,/objects/thumbs/demo_001_th.jpg
demo_002.pdf,/objects/demo_002.pdf,/objects/small/demo_002_sm.jpg,/objects/thumbs/demo_002_th.jpg
demo_003.mp3,/objects/demo_003.mp3,,
demo_004.jpg,/objects/demo_004.jpg,/objects/small/demo_004_sm.jpg,/objects/thumbs/demo_004_th.jpg
demo_005.txt,/objects/demo_005.txt,,
demo_012.md,/objects/demo_012.md,,
hells_half_theta.jpg,/objects/hells_half_theta.jpg,/objects/small/hells_half_theta_sm.jpg,/objects/thumbs/hells_half_theta_th.jpg
hughes_article.png,/objects/hughes_article.png,/objects/small/hughes_article_sm.jpg,/objects/thumbs/hughes_article_th.jpg
